Feature,SHAP Importance
Gender,0.05091520862972181
Age,0.11235214094780113
Driving_License,0.00038984866612120305
Region_Code,0.07146421136366646
Previously_Insured,0.10200547423175231
Vehicle_Age,0.06226984446763735
Vehicle_Damage,0.18337382123086662
Annual_Premium,0.14048688139470544
Policy_Sales_Channel,0.05754233873436868
Vintage,0.1359753173295318
